order_month,amount
2025-01,263.43
2025-02,532.92
2025-03,1272.1
2025-04,5146.8
2025-05,18388.35
2025-06,4210.33
2025-07,2821.2799999999997
2025-08,3489.2400000000002
2025-09,4001.18
2025-10,14271.89
2025-11,5846.07
2025-12,5228.75
2026-01,4539.07
2026-02,1504.26
2026-04,226.89
2026-08,536.69
2026-10,199.34
2026-12,81.95
